--------------------------------------------------------------------------
mysql> use test1;
Database changed
mysql>
--------------------------------------------------------------------------
mysql> show tables;
+-----------------+
| Tables_in_test1 |
+-----------------+
| t1              |
+-----------------+
1 row in set (0.00 sec)
mysql>
--------------------------------------------------------------------------
mysql> describe t1;
+-------+-------------+------+-----+---------+-------+
| Field | Type        | Null | Key | Default | Extra |
+-------+-------------+------+-----+---------+-------+
| id    | int(11)     | NO   | PRI | NULL    |       |
| name  | varchar(10) | YES  |     | NULL    |       |
| age   | int(11)     | YES  |     | NULL    |       |
+-------+-------------+------+-----+---------+-------+
3 rows in set (0.00 sec)
mysql>
--------------------------------------------------------------------------
mysql> select * from t1;
+-----+--------+------+
| id  | name   | age  |
+-----+--------+------+
| 101 | suresh |   24 |
| 102 | ramesh |   28 |
| 103 | naresh |   25 |
| 104 | rajesh |   22 |
| 105 | sunil  |   23 |
| 106 | anil   |   23 |
+-----+--------+------+
6 rows in set (0.00 sec)
mysql>
--------------------------------------------------------------------------
mysql> create view v1 as select id, name from t1;
Query OK, 0 rows affected (0.01 sec)
mysql>
--------------------------------------------------------------------------
mysql> desc v1;
+-------+-------------+------+-----+---------+-------+
| Field | Type        | Null | Key | Default | Extra |
+-------+-------------+------+-----+---------+-------+
| id    | int(11)     | NO   |     | NULL    |       |
| name  | varchar(10) | YES  |     | NULL    |       |
+-------+-------------+------+-----+---------+-------+
2 rows in set (0.00 sec)
mysql>
--------------------------------------------------------------------------
mysql> select * from v1;
+-----+--------+
| id  | name   |
+-----+--------+
| 101 | suresh |
| 102 | ramesh |
| 103 | naresh |
| 104 | rajesh |
| 105 | sunil  |
| 106 | anil   |
+-----+--------+
6 rows in set (0.00 sec)
mysql>
--------------------------------------------------------------------------
mysql> alter view v1 as select id, age from t1;
Query OK, 0 rows affected (0.01 sec)
mysql>
--------------------------------------------------------------------------
mysql> desc v1;
+-------+---------+------+-----+---------+-------+
| Field | Type    | Null | Key | Default | Extra |
+-------+---------+------+-----+---------+-------+
| id    | int(11) | NO   |     | NULL    |       |
| age   | int(11) | YES  |     | NULL    |       |
+-------+---------+------+-----+---------+-------+
2 rows in set (0.00 sec)
mysql>
--------------------------------------------------------------------------
mysql> select * from v1;
+-----+------+
| id  | age  |
+-----+------+
| 101 |   24 |
| 102 |   28 |
| 103 |   25 |
| 104 |   22 |
| 105 |   23 |
| 106 |   23 |
+-----+------+
6 rows in set (0.00 sec)
mysql>
--------------------------------------------------------------------------
mysql> drop view v1;
Query OK, 0 rows affected (0.00 sec)
mysql>
--------------------------------------------------------------------------
mysql> desc v1;
ERROR 1146 (42S02): Table 'test1.v1' doesn't exist
mysql>
--------------------------------------------------------------------------
--------------------------------------------------------------------------


