-------------------------------------------------------------------------
mysql> desc t1;
+-------+-------------+------+-----+---------+-------+
| Field | Type        | Null | Key | Default | Extra |
+-------+-------------+------+-----+---------+-------+
| id    | int(11)     | NO   | PRI | NULL    |       |
| name  | varchar(10) | YES  | UNI | NULL    |       |
| age   | int(11)     | YES  |     | NULL    |       |
+-------+-------------+------+-----+---------+-------+
3 rows in set (0.00 sec)
mysql>
-------------------------------------------------------------------------
mysql> select * from t1;
+-----+--------+------+
| id  | name   | age  |
+-----+--------+------+
| 101 | suresh |   24 |
| 102 | ramesh |   28 |
| 103 | naresh |   25 |
| 104 | rajesh |   22 |
| 105 | sunil  |   23 |
| 106 | anil   |   23 |
+-----+--------+------+
6 rows in set (0.00 sec)
mysql>
-------------------------------------------------------------------------
mysql> SELECT IFNULL(100,700);
+-----------------+
| IFNULL(100,700) |
+-----------------+
|             100 |
+-----------------+
1 row in set (0.00 sec)
mysql>
-------------------------------------------------------------------------
mysql> SELECT IFNULL("anil", "sunil");
+-------------------------+
| IFNULL("anil", "sunil") |
+-------------------------+
| anil                    |
+-------------------------+
1 row in set (0.00 sec)
mysql>
-------------------------------------------------------------------------
mysql> SELECT IFNULL(null, "sunil");
+-----------------------+
| IFNULL(null, "sunil") |
+-----------------------+
| sunil                 |
+-----------------------+
1 row in set (0.00 sec)
mysql>
-------------------------------------------------------------------------
mysql> select * from t1;
+-----+--------+------+
| id  | name   | age  |
+-----+--------+------+
| 101 | suresh |   24 |
| 102 | ramesh |   28 |
| 103 | naresh |   25 |
| 104 | rajesh |   22 |
| 105 | sunil  |   23 |
| 106 | anil   |   23 |
+-----+--------+------+
6 rows in set (0.00 sec)
mysql>
-------------------------------------------------------------------------
mysql> insert into t1(id,name) values(107,'sanjay'),(108,'sujay');
Query OK, 2 rows affected (0.00 sec)
Records: 2  Duplicates: 0  Warnings: 0
mysql>
-------------------------------------------------------------------------
mysql> select * from t1;
+-----+--------+------+
| id  | name   | age  |
+-----+--------+------+
| 101 | suresh |   24 |
| 102 | ramesh |   28 |
| 103 | naresh |   25 |
| 104 | rajesh |   22 |
| 105 | sunil  |   23 |
| 106 | anil   |   23 |
| 108 | sujay  | NULL |
| 107 | sanjay | NULL |
+-----+--------+------+
8 rows in set (0.00 sec)
mysql>
-------------------------------------------------------------------------
mysql> select id,name,ifnull(age,18) from t1;
+-----+--------+----------------+
| id  | name   | ifnull(age,18) |
+-----+--------+----------------+
| 101 | suresh |             24 |
| 102 | ramesh |             28 |
| 103 | naresh |             25 |
| 104 | rajesh |             22 |
| 105 | sunil  |             23 |
| 106 | anil   |             23 |
| 108 | sujay  |             18 |
| 107 | sanjay |             18 |
+-----+--------+----------------+
8 rows in set (0.00 sec)
mysql>
-------------------------------------------------------------------------
mysql> select id,name,ifnull(age,'sorry') from t1;
+-----+--------+---------------------+
| id  | name   | ifnull(age,'sorry') |
+-----+--------+---------------------+
| 101 | suresh | 24                  |
| 102 | ramesh | 28                  |
| 103 | naresh | 25                  |
| 104 | rajesh | 22                  |
| 105 | sunil  | 23                  |
| 106 | anil   | 23                  |
| 108 | sujay  | sorry               |
| 107 | sanjay | sorry               |
+-----+--------+---------------------+
8 rows in set (0.00 sec)
mysql>
-------------------------------------------------------------------------
-------------------------------------------------------------------------



