-------------------------------------------------------------------------
mysql> SELECT NULLIF("anil", "anil");
+------------------------+
| NULLIF("anil", "anil") |
+------------------------+
| NULL                   |
+------------------------+
1 row in set (0.00 sec)
mysql>
-------------------------------------------------------------------------
mysql> SELECT NULLIF("anil", "sunil");
+-------------------------+
| NULLIF("anil", "sunil") |
+-------------------------+
| anil                    |
+-------------------------+
1 row in set (0.00 sec)
mysql>
-------------------------------------------------------------------------
mysql> SELECT NULLIF("anil", 123);
+---------------------+
| NULLIF("anil", 123) |
+---------------------+
| anil                |
+---------------------+
1 row in set, 1 warning (0.00 sec)
mysql>
-------------------------------------------------------------------------
-------------------------------------------------------------------------








